vendor,avg_discount_rate
NoFrills,15.9897991513367
Loblaws,16.3253424904476
Voila,20.0304550113882
Galleria,21.209571991304
Metro,22.1557278184108
SaveOnFoods,22.5010989287629
Walmart,26.4623441984081
TandT,26.8111021469695
